"Longitude","Latitude","bio01","bio02","bio03","bio04","bio05","bio06","bio07","bio08","bio09","bio10","bio11","bio12","bio13","bio14","bio15","bio16","bio17","bio18","bio19","area_m","id"
"4",-86.95,12.68333,235,110,74,765,312,164,148,234,232,245,225,1773,415,2,101,983,7,290,70,"formosa",1
"5",-85.9583,11.76,272,101,73,749,345,208,137,268,271,282,263,1520,318,3,92,803,15,183,410,"formosa",2
"7",-86.31405,12.22806,272,103,71,926,349,205,144,267,271,285,261,1109,262,1,100,627,5,143,53,"formosa",3
"10",-93.98361,16.6,233,117,69,1441,314,146,168,244,213,247,212,1069,233,3,99,605,17,333,30,"formosa",4
"13",-87.38,14.25,192,103,64,1539,272,113,159,205,180,208,169,1114,199,15,73,466,51,410,104,"formosa",5
"34",-93.65667,15.95333,271,126,74,927,355,186,169,270,260,283,259,1746,406,3,100,979,13,226,30,"formosa",6
"52",-86.41667,12.05,264,103,72,825,340,198,142,261,262,275,254,1207,273,0,100,675,2,167,57,"formosa",7
"62",-93.30385,16.96436,242,122,67,1734,334,154,180,252,243,262,218,1167,218,17,70,542,75,302,146,"formosa",8
"69",-93.53833,16.695,233,123,69,1663,319,142,177,247,219,251,210,809,167,7,97,468,22,242,25,"formosa",9
"70",-85.43333,11.98333,266,97,73,788,337,205,132,263,272,278,257,1378,306,4,93,793,18,126,108,"formosa",10
"89",-93.32851,16.74247,227,127,69,1634,316,133,183,240,213,245,204,984,203,9,95,561,28,293,33,"formosa",11
"98",-93.82278,16.0625,273,121,74,913,354,192,162,272,263,285,262,1541,371,2,102,898,10,183,28,"formosa",12
"105",-91.86,15.86833,239,137,72,1250,333,145,188,243,228,253,222,1191,255,7,94,600,28,346,68,"formosa",13
"106",-94.21667,16.67333,187,111,70,1283,262,105,157,196,185,200,169,1475,271,25,82,791,79,360,98,"formosa",14
"107",-94.23333,16.45,264,120,70,1161,346,176,170,267,248,277,248,1632,390,4,103,943,17,503,17,"formosa",15
"112",-92.14139,15.80472,241,142,69,1417,342,138,204,248,229,257,221,1337,303,7,96,726,26,369,55,"formosa",16
"125",-92.634,16.081,241,145,69,1483,341,132,209,247,220,258,219,1445,301,2,95,784,11,451,34,"formosa",17
"135",-88.08333,13.58333,261,123,75,938,347,183,164,255,255,275,251,1827,394,2,93,965,8,260,351,"formosa",18
"138",-93.52333,15.755,272,130,75,927,357,185,172,272,261,284,260,1972,469,3,100,1090,14,275,28,"formosa",19
"141",-93.1023,16.6069,242,139,69,1574,343,142,201,251,221,261,220,968,223,1,107,592,4,313,15,"formosa",20
"145",-85.08333,10.41667,259,103,76,667,331,197,134,255,260,268,251,1933,375,10,83,1002,37,253,542,"formosa",21
"153",-85.71232,10.84063,255,107,74,763,333,189,144,251,256,266,246,1628,410,1,95,901,11,177,538,"formosa",22
"159",-93.06889,15.80222,190,135,72,1132,277,92,185,196,173,202,173,1677,329,6,94,922,25,516,25,"formosa",23
"165",-94.03775,16.38495,242,120,70,1248,323,152,171,250,224,254,224,1609,347,5,99,903,18,511,41,"formosa",24
"184",-89.891,13.848,216,108,77,699,290,150,140,216,216,226,207,2112,441,3,92,1090,20,263,78,"formosa",25
"185",-93.49333,16.98361,238,118,67,1774,326,151,175,250,237,257,213,1178,214,19,70,550,72,298,155,"formosa",26
"186",-88.275,13.468,233,122,77,720,315,158,157,228,227,243,225,1915,430,1,98,1061,6,203,381,"formosa",27
"194",-93.13778,17.09,202,120,68,1600,286,112,174,210,200,218,179,1782,264,47,54,722,171,413,247,"formosa",28
"211",-93.32389,15.99306,227,139,70,1350,320,123,197,233,208,242,208,1435,286,4,100,842,12,440,27,"formosa",29
"212",-92.50222,15.27972,254,135,75,811,341,162,179,254,244,265,243,3465,669,19,85,1674,67,544,146,"formosa",30
"215",-84.93333,10.55,227,98,75,654,296,167,129,228,232,236,219,3165,418,66,49,1198,236,356,742,"formosa",31
"232",-93.09583,16.905,235,129,68,1636,329,142,187,247,222,254,213,1001,206,7,95,562,22,307,41,"formosa",32
"235",-92.19872,14.85731,267,126,77,660,347,185,162,266,260,277,259,2680,500,9,82,1269,32,465,112,"formosa",33
"253",-90.42848,13.87835,270,94,77,518,329,208,121,268,267,277,264,1702,367,0,96,872,8,211,8,"formosa",34
"261",-85.61296,11.21659,263,102,72,801,338,198,140,259,270,275,254,2137,364,28,67,953,94,213,342,"formosa",35
"265",-87.5033,12.8887,275,116,75,862,357,204,153,269,277,287,265,1950,419,0,97,1014,2,217,444,"formosa",36
"266",-86.05158,11.93748,257,100,72,800,331,193,138,255,263,268,247,1610,325,4,88,845,20,196,134,"formosa",37
"270",-91.1395,14.52685,230,104,83,459,290,166,124,230,225,235,224,3211,617,22,80,1471,101,532,178,"formosa",38
"284",-85.32635,10.74016,229,102,75,684,302,166,136,227,235,238,220,2341,403,20,70,1076,79,313,343,"formosa",39
"295",-91.733,14.637,240,110,79,577,307,168,139,241,232,247,232,3936,671,22,77,1887,91,678,91,"formosa",40
"297",-92.88957,15.5215,260,143,77,928,350,165,185,259,249,272,247,2768,555,8,93,1512,26,357,83,"formosa",41
"303",-89.5677,14.33265,249,117,74,936,332,174,158,251,240,262,238,1282,264,1,95,688,9,179,26,"formosa",42
"312",-86.26605,11.85873,241,102,72,796,316,176,140,238,239,252,231,1437,298,5,89,731,26,200,116,"formosa",43
"325",-87.235,13.857,215,106,69,1261,291,138,153,221,197,227,196,1121,262,5,94,533,15,446,44,"formosa",44
"326",-93.8627,16.2971,249,124,70,1203,333,157,176,256,232,262,232,1811,372,6,98,1026,21,560,50,"formosa",45
"347",-84.83166,10.28941,213,99,76,655,282,152,130,210,218,222,205,2859,423,50,55,1177,182,372,565,"formosa",46
"361",-87.02761,13.28743,241,119,74,767,325,166,159,239,234,251,231,1768,387,4,93,911,16,380,70,"formosa",47
"399",-85.55543,11.5147,267,99,72,788,339,203,136,263,273,278,257,1537,336,7,82,791,26,169,197,"formosa",48
"404",-92.86076,16.5789,241,141,70,1403,341,142,199,249,223,258,221,1005,212,1,105,606,6,299,19,"formosa",49
"405",-92.95792,15.28429,273,141,79,829,361,184,177,271,264,285,263,2618,522,5,93,1399,16,335,73,"formosa",50
"415",-85.77481,10.09456,265,115,75,835,348,196,152,260,267,277,255,1771,346,4,87,906,16,285,463,"formosa",51
"426",-92.32902,15.1713,216,129,75,922,297,127,170,219,202,226,202,3258,589,35,76,1512,110,1008,110,"formosa",52
"429",-85.82663,11.41885,264,102,72,774,339,199,140,260,271,275,255,1481,322,4,91,773,17,164,124,"formosa",53
"444",-85.05841,10.73129,236,99,75,689,307,175,132,236,242,246,227,3233,433,60,50,1235,234,370,733,"formosa",54
"449",-94.52257,16.30423,271,114,69,1243,351,187,164,277,254,285,254,1150,283,0,111,701,5,354,5,"formosa",55
"453",-94.3873,16.57194,266,118,67,1401,351,175,176,273,254,282,246,1375,336,4,103,785,17,426,18,"formosa",56
"455",-84.61235,9.80672,267,105,75,881,345,205,140,260,273,280,258,2331,418,9,76,1125,41,377,652,"formosa",57
"462",-86.07767,12.12316,269,101,72,877,344,205,139,266,277,282,259,1244,257,3,91,643,15,146,82,"formosa",58
"463",-92.68727,15.22298,274,142,78,820,364,184,180,272,266,286,264,3052,569,8,90,1568,26,397,111,"formosa",59
"470",-93.19317,15.5741,271,138,77,911,360,181,179,271,261,284,260,2405,514,3,96,1332,13,296,59,"formosa",60
"483",-92.54263,16.30687,237,147,70,1430,340,131,209,246,218,254,217,1249,282,2,99,670,9,436,24,"formosa",61
"486",-94.05254,16.18934,272,120,73,953,353,189,164,273,260,285,260,1452,342,1,101,843,10,171,26,"formosa",62
"487",-93.62033,16.3795,222,128,70,1456,309,127,182,233,201,237,201,1033,224,6,101,615,20,306,20,"formosa",63
"490",-88.10286,13.92872,222,126,75,856,310,143,167,220,211,233,210,1953,396,4,90,958,18,307,49,"formosa",64
"493",-86.573,14.0393,228,110,67,1295,311,147,164,234,230,243,210,1192,197,19,66,502,75,352,143,"formosa",65
"495",-86.9105,13.87144,200,101,68,1264,274,126,148,204,191,213,181,1381,248,16,75,615,65,474,113,"formosa",66
"500",-85.83841,10.29955,266,114,75,807,348,197,151,261,267,278,256,1521,300,3,89,781,11,246,404,"formosa",67
"538",-92.96809,16.75864,230,137,68,1617,327,128,199,239,216,249,206,1228,255,5,101,724,18,374,18,"formosa",68
"544",-85.47436,11.04707,249,102,73,785,324,185,139,246,256,260,240,2084,373,11,74,1008,52,172,324,"formosa",69
"545",-87.10449,13.48225,265,132,78,840,357,188,169,259,262,277,256,1244,275,2,94,619,7,285,511,"formosa",70
"558",-85.34635,10.30188,265,111,76,768,344,198,146,261,266,276,256,1878,380,2,88,973,12,297,485,"formosa",71
"566",-92.27389,16.18998,230,145,71,1374,331,128,203,237,211,246,211,1093,245,5,92,550,18,358,38,"formosa",72
"569",-92.07695,15.05793,206,123,77,797,283,124,159,209,194,215,194,3783,675,38,73,1679,130,1235,130,"formosa",73
"595",-87.10743,14.11344,185,97,65,1317,259,112,147,195,175,198,165,1170,192,18,65,474,73,399,141,"formosa",74
"603",-93.55608,16.15424,219,132,70,1336,307,121,186,227,200,233,200,1273,265,4,101,753,15,387,15,"formosa",75
"613",-85.66025,9.94078,264,116,76,820,347,195,152,259,266,276,255,1966,377,4,86,998,20,317,511,"formosa",76
"617",-85.51801,10.15415,246,114,76,760,327,178,149,242,246,257,237,1974,399,4,88,1033,20,317,516,"formosa",77
"620",-85.49418,10.6123,260,108,73,776,339,193,146,256,261,272,251,1671,350,0,91,891,4,241,448,"formosa",78
"621",-85.2527,10.50681,263,106,75,738,339,198,141,259,264,274,254,1559,344,1,90,806,15,256,376,"formosa",79
"660",-89.42077,13.72213,232,131,76,751,321,149,172,232,226,243,224,1748,337,2,92,947,16,243,241,"formosa",80
"696",-86.14998,11.48235,272,103,73,770,348,207,141,268,273,283,263,1516,353,1,98,842,8,165,462,"formosa",81
"698",-87.63024,13.50766,280,124,77,920,365,205,160,273,277,293,270,1593,360,1,92,804,8,255,662,"formosa",82
"699",-89.18726,13.63785,221,128,76,769,308,140,168,221,214,231,211,1998,404,3,94,1073,16,232,59,"formosa",83
"706",-90.84,14.28584,271,112,76,765,344,197,147,269,263,281,262,2674,511,6,86,1301,27,432,117,"formosa",84
"707",-91.47028,14.60007,231,111,81,620,295,158,137,231,223,237,223,3971,688,30,74,1805,127,1280,310,"formosa",85
"708",-98.38333,16.45,283,145,78,773,374,190,184,286,281,292,272,1178,280,1,112,719,6,305,17,"formosa",86
"719",-100.73587,19.03817,266,159,64,1987,394,147,247,263,273,295,243,1143,240,4,99,681,19,272,67,"formosa",87
"722",-101.75,19.15833,199,154,68,1492,314,89,225,202,201,219,179,1218,284,4,108,796,16,246,37,"formosa",88
"724",-98.39333,18.49167,234,173,70,2028,355,108,247,247,219,258,206,820,192,3,102,467,13,275,13,"formosa",89
"730",-99.56667,17.93333,263,150,67,1711,374,152,222,263,254,287,241,790,168,1,102,473,14,220,25,"formosa",90
"731",-104.665,19.455,237,137,69,1511,329,131,198,248,224,253,215,1421,367,2,116,1027,15,495,54,"formosa",91
"732",-100.36,17.25833,262,123,75,848,344,182,162,262,262,273,251,1482,400,3,110,939,19,332,28,"formosa",92
"734",-100.69504,17.27418,271,119,79,671,345,196,149,273,269,279,262,1231,340,2,112,793,10,263,21,"formosa",93
"736",-103.965,18.93333,263,127,72,1733,338,164,174,281,243,283,240,796,210,2,104,509,10,402,27,"formosa",94
"740",-104,19.16167,245,135,71,1467,332,143,189,256,232,261,225,1032,269,2,112,730,10,361,50,"formosa",95
"741",-104.21,19.575,163,129,65,1533,260,62,198,173,155,180,141,1275,276,6,98,794,26,502,70,"formosa",96
"745",-103.11992,19.76121,210,154,64,2095,325,85,240,228,203,233,179,1022,225,4,100,621,16,446,49,"formosa",97
"749",-105.34,20.19528,254,133,72,1941,332,148,184,275,243,275,228,1138,306,3,114,813,15,629,39,"formosa",98
"757",-103.61667,19.11333,252,137,71,1361,342,151,191,262,242,268,233,873,209,2,110,587,12,360,38,"formosa",99
"758",-105.5,20.355,248,128,71,2021,325,145,180,270,235,270,220,1211,331,2,117,877,13,877,40,"formosa",100
"768",-100.117,17.417,171,107,70,890,251,99,152,169,174,182,159,1614,363,9,101,971,34,95,45,"formosa",101
"769",-97.287,16.237,192,154,72,1222,292,81,211,196,175,206,174,1423,354,6,102,851,26,426,37,"formosa",102
"772",-97.15359,16.10083,246,153,76,1158,341,141,200,253,236,258,229,1554,323,2,101,908,11,462,31,"formosa",103
"773",-99.09677,18.91925,215,157,73,1458,325,110,215,221,207,235,197,968,208,4,105,587,17,280,28,"formosa",104
"775",-99.667,17.55,175,105,70,829,253,104,149,174,179,186,164,1584,363,7,101,949,33,99,41,"formosa",105
"778",-99.835,17.33333,233,130,73,1099,323,145,178,233,236,248,219,1580,357,5,106,1012,25,344,60,"formosa",106
"783",-100.618,17.573,209,120,71,1021,299,131,168,207,213,224,197,1512,352,6,103,931,21,341,65,"formosa",107
"786",-97.6561,16.0003,281,147,79,1067,370,184,186,287,272,293,266,1362,339,0,111,803,13,376,15,"formosa",108
"787",-103.01,18.214,252,122,71,1333,326,155,171,264,238,265,233,1091,294,1,111,745,6,592,36,"formosa",109
"792",-101.44833,18.425,286,150,69,1465,395,179,216,288,284,305,266,753,173,2,110,492,7,156,26,"formosa",110
"793",-103.23972,18.26028,262,121,73,1411,331,166,165,277,245,277,242,1008,264,1,110,689,9,560,32,"formosa",111
"797",-101.91194,18.84861,280,154,67,1656,393,166,227,282,278,301,256,710,168,1,106,465,7,134,27,"formosa",112
"798",-102.15333,18.40333,242,150,71,1359,341,131,210,251,232,257,222,877,207,3,105,568,10,336,35,"formosa",113
"801",-102.12833,18.88361,288,150,65,1755,401,173,228,291,286,311,263,678,149,4,106,438,12,139,29,"formosa",114
"803",-101.65222,18.69722,287,153,67,1660,402,174,228,290,284,309,264,661,169,2,105,423,9,132,30,"formosa",115
"804",-103.37,18.968,260,134,70,1400,349,158,191,270,250,276,240,864,198,2,107,560,11,368,32,"formosa",116
"805",-102.3675,18.51806,229,143,70,1303,327,123,204,236,223,243,209,986,227,3,106,639,10,395,30,"formosa",117
"806",-99.88667,18.00333,254,143,66,1669,365,151,214,251,248,278,235,1000,226,2,107,636,14,251,29,"formosa",118
"808",-99.717,16.8,285,116,81,707,354,211,143,290,280,293,275,1072,267,2,112,688,7,441,17,"formosa",119
"811",-100.308,18.438,273,147,62,2112,394,159,235,269,282,305,250,1143,269,1,114,763,6,256,26,"formosa",120
"812",-97.84,17.19,156,166,74,1195,263,40,223,162,139,171,139,1329,257,8,91,733,56,413,58,"formosa",121
"817",-102.061,18.036,272,126,74,1167,348,178,170,283,259,285,256,1047,274,1,109,651,13,567,27,"formosa",122
"820",-102.34167,19.1,283,151,64,1859,401,167,234,285,286,308,258,699,161,2,110,463,8,147,19,"formosa",123
"910",-102.43667,18.34361,232,140,70,1302,324,126,198,240,223,245,212,1027,250,3,105,660,11,389,37,"formosa",124
"931",-103.61556,18.77694,261,129,72,1596,334,157,177,277,241,278,238,940,240,3,109,627,9,524,23,"formosa",125
"962",-103.45194,18.35917,260,121,73,1492,328,163,165,276,242,276,239,966,251,2,110,654,11,533,29,"formosa",126
"982",-102.81917,18.11889,268,122,73,1328,338,172,166,280,252,282,249,1099,289,1,113,765,5,618,26,"formosa",127
"988",-100.61667,19.23333,260,161,64,2005,389,139,250,259,266,289,236,1101,214,5,96,635,22,267,71,"formosa",128
"994",-98.6229,16.5694,288,144,79,698,378,196,182,289,285,296,278,1121,273,1,111,711,9,269,18,"formosa",129
"999",-100.32311,17.05206,287,113,80,716,354,214,140,291,282,295,277,983,279,0,115,671,3,373,25,"formosa",130
"1004",-98.16416,16.21697,281,147,79,915,371,186,185,285,279,291,267,1476,348,1,110,922,5,353,14,"formosa",131
"1014",-99.46103,17.35689,234,138,72,1174,327,137,190,235,236,249,218,1277,286,2,109,829,16,289,22,"formosa",132
"1016",-99.83578,17.12323,245,128,75,917,330,160,170,246,246,257,233,1702,411,4,111,1107,22,372,29,"formosa",133
"1023",-98.03808,17.95152,211,173,70,1894,327,82,245,223,184,233,184,762,178,2,100,423,9,272,16,"formosa",134
"1032",-98.1863,18.1749,228,171,68,2030,347,99,248,240,199,251,198,785,178,3,99,446,12,274,19,"formosa",135
"1034",-99.35002,18.5662,249,174,69,1945,375,124,251,258,240,274,223,1099,234,3,107,687,16,313,26,"formosa",136
"1041",-99.24203,17.42409,231,144,70,1301,331,126,205,233,221,248,213,1163,254,4,106,736,21,281,24,"formosa",137
"1043",-99.11869,18.45405,252,172,67,2040,379,124,255,260,226,278,224,859,198,2,109,537,12,266,15,"formosa",138
"1044",-104.21921,19.83504,225,149,67,1769,334,112,222,234,216,244,199,884,204,6,100,548,23,370,52,"formosa",139
"1053",-98.91051,18.00888,250,167,66,2050,374,121,253,260,224,277,222,816,178,2,103,501,12,251,17,"formosa",140
"1055",-104.43363,19.77527,211,144,67,1572,314,102,212,221,201,229,188,1152,272,5,105,753,21,469,58,"formosa",141
"1062",-98.95785,18.33675,242,168,67,1943,367,119,248,250,218,267,216,823,187,1,109,513,10,254,13,"formosa",142
"1064",-103.76035,19.36115,244,144,69,1532,344,138,206,254,235,262,222,984,240,1,112,693,9,367,43,"formosa",143
"1066",-102.01923,19.1679,262,157,68,1636,378,148,230,263,263,284,240,867,219,2,112,586,7,167,20,"formosa",144
"1069",-100.1382,16.96427,285,110,80,751,350,214,136,291,279,294,275,1002,270,0,113,646,5,402,17,"formosa",145
"1071",-97.23799,15.92978,278,145,79,979,364,182,182,284,264,288,264,1046,254,1,109,629,13,418,13,"formosa",146
"1075",-103.34077,19.16813,243,138,67,1456,342,139,203,251,237,260,222,1198,273,2,109,789,14,485,39,"formosa",147
"1082",-101.61844,18.88793,219,153,69,1398,333,113,220,219,222,239,201,1102,269,2,112,737,11,223,28,"formosa",148
"1084",-99.11192,18.73086,241,172,68,2045,366,115,251,252,229,267,213,856,182,3,102,514,18,255,26,"formosa",149
"1085",-104.08715,19.36959,241,142,69,1604,338,133,205,252,229,259,218,1409,337,3,113,984,18,521,58,"formosa",150
"1086",-97.05225,15.84566,275,144,81,878,359,182,177,282,267,284,263,940,248,2,110,600,12,363,14,"formosa",151
"1089",-102.57423,19.51853,223,147,65,1656,339,116,223,223,226,246,201,1074,236,5,105,677,17,238,34,"formosa",152
"1091",-105.07188,19.52604,264,128,72,1675,338,162,176,281,244,283,241,743,201,1,109,506,13,373,28,"formosa",153
"1106",-99.20123,16.78408,291,139,80,697,378,205,173,292,289,300,282,1129,314,1,118,729,5,291,14,"formosa",154
"1108",-102.32635,18.0335,272,122,73,1251,343,178,165,284,257,285,254,1056,259,2,107,690,14,599,26,"formosa",155
"1113",-104.08088,20.25121,177,147,64,2030,293,66,227,196,169,201,148,1005,239,7,99,618,29,462,58,"formosa",156
"1117",-104.71311,19.22646,260,120,73,1541,329,165,164,276,241,278,239,891,248,1,110,614,12,453,34,"formosa",157
"1124",-103.55,19.405,214,144,67,1573,316,102,214,224,205,231,190,1044,239,2,108,707,9,412,42,"formosa",158
"1129",-103.94241,19.59591,241,154,66,1925,353,123,230,254,231,263,213,699,156,3,95,418,16,293,49,"formosa",159
"1131",-97.906667,16.963333,240,161,71,1478,347,122,225,244,229,259,220,1363,325,4,109,888,16,316,26,"formosa",160
"1132",-95.829638,16.44958,239,140,70,1518,333,134,199,247,218,256,218,728,167,1,105,430,8,250,8,"formosa",161
"1147",-96.035,16.62833,231,144,68,1687,332,121,211,243,207,251,207,695,150,3,97,383,13,236,13,"formosa",162
"1159",-95.335,16.33333,265,117,70,1372,344,179,165,273,245,280,245,753,193,1,115,475,3,215,3,"formosa",163
"1162",-95.03167,16.72,250,99,62,1710,332,173,159,259,250,270,227,1016,235,9,98,602,31,251,40,"formosa",164
"1165",-94.90167,16.46667,271,97,62,1639,349,195,154,280,255,289,247,918,244,3,111,550,10,275,11,"formosa",165
"1170",-95.04167,16.90658,249,106,65,1655,334,171,163,257,248,269,226,1540,314,23,92,928,71,302,83,"formosa",166
"1192",-95.57833,16.43833,264,130,71,1548,351,168,183,277,242,282,242,634,147,0,112,389,5,191,5,"formosa",167
"1196",-95.14706,16.19225,276,102,69,1297,348,202,146,287,273,290,258,949,237,2,113,592,11,290,15,"formosa",168
"1197",-94.617,16.567,266,108,65,1518,347,181,166,275,252,282,244,1197,309,2,110,705,7,369,9,"formosa",169
"1212",-96.49,15.9744,213,141,73,1138,305,112,193,219,197,225,197,1665,321,6,91,921,38,477,62,"formosa",170
"1259",-95.75806,15.90068,276,127,79,947,350,191,159,285,264,285,263,471,117,1,113,314,5,154,7,"formosa",171
"1263",-96.3197,16.6946,215,146,68,1723,318,105,213,226,192,236,191,557,125,3,95,314,10,202,14,"formosa",172
"1309",-95.52484,16.84858,214,121,67,1576,303,124,179,222,215,233,192,1631,344,21,86,933,79,327,112,"formosa",173
"1331",-94.76609,16.70452,256,100,62,1700,337,177,160,266,256,275,232,1061,251,8,95,597,33,278,48,"formosa",174
"1339",-96.19384,15.76935,269,136,83,706,344,182,162,276,260,276,260,855,198,2,104,492,10,492,10,"formosa",175
"1360",-95.97528,15.84052,270,133,81,851,347,183,164,279,259,279,259,535,146,1,109,328,8,328,8,"formosa",176
"1384",-96.4668,15.75427,263,140,84,656,340,175,165,272,258,272,256,908,227,2,107,534,10,534,95,"formosa",177
"1411",-95.2011,16.53551,270,105,66,1568,349,191,158,279,253,287,247,793,206,2,113,483,8,231,10,"formosa",178
"1450",-95.38227,16.04507,275,115,74,1161,348,193,155,284,258,287,258,575,140,0,117,368,2,172,2,"formosa",179
"1485",-96.21667,16.9,185,134,68,1612,283,86,197,195,164,205,163,828,168,11,86,445,37,263,45,"formosa",180
"51",-107.9927,25.3646,243,161,60,4103,361,96,265,289,230,290,189,675,211,2,121,513,11,392,63,"colliei",1
"6",-106.1361,23.2554,246,106,58,2988,325,144,181,279,238,280,206,838,213,4,114,611,19,438,65,"colliei",2
"8",-108.8083,26.305,243,178,58,4901,383,79,304,301,230,302,180,471,149,1,118,349,9,272,55,"colliei",3
"9",-107.785,25.4533,239,162,59,3991,365,93,272,280,231,284,185,869,257,4,119,649,18,526,80,"colliei",4
"102",-108.39,26.6533,237,181,59,4478,383,78,305,283,231,289,177,804,217,6,106,545,27,482,104,"colliei",5
"12",-105.4216,20.2594,250,129,70,1974,328,146,182,272,238,272,223,1164,318,2,115,839,13,642,39,"colliei",6
"14",-107.6167,27.45,156,182,58,4455,308,-2,310,205,151,211,99,824,211,10,93,509,43,472,113,"colliei",7
"16",-104.646,21.2566,199,151,64,2239,312,78,234,219,185,222,167,1011,267,4,113,694,21,444,59,"colliei",8
"17",-105.137,21.178,257,122,65,2587,336,151,185,286,244,286,222,1444,399,3,122,1092,17,1092,44,"colliei",9
"20",-104.895,21.1,220,146,66,2210,321,102,219,241,216,243,190,952,241,3,114,659,15,624,52,"colliei",10
"21",-105.3667,22.3967,248,118,62,2618,330,140,190,274,237,276,213,1240,335,1,120,937,13,755,68,"colliei",11
"29",-106.66,23.83,254,138,60,3369,355,125,230,290,245,293,209,713,186,1,113,513,7,378,65,"colliei",12
"31",-107.363,25.108,246,163,60,3919,370,100,270,287,238,291,193,926,258,4,113,671,16,549,91,"colliei",13
"35",-106.8,24.3167,248,143,59,3289,358,118,240,280,246,285,203,857,224,3,110,606,18,499,81,"colliei",14
"36",-107.36,24.45,253,148,59,3853,359,111,248,296,240,297,202,465,137,1,113,327,8,240,48,"colliei",15
"39",-106.9,23.9133,255,138,59,3535,355,124,231,294,244,296,209,506,127,0,109,357,3,252,48,"colliei",16
"53",-106.4267,23.9367,252,147,59,3292,365,119,246,283,249,289,206,876,231,4,107,608,20,501,88,"colliei",17
"54",-108.2283,27,213,175,57,4343,363,60,303,256,211,263,155,872,226,8,102,574,33,515,116,"colliei",18
"59",-108.595,26.4233,244,185,58,4950,393,76,317,300,233,303,180,594,170,2,116,431,13,367,66,"colliei",19
"623",-106.18,23.615,245,123,59,2938,339,132,207,273,243,277,204,976,215,10,93,621,46,478,108,"colliei",20
"65",-105.8967,23.3,232,114,58,2597,325,131,194,255,237,261,195,1250,341,9,106,858,40,461,115,"colliei",21
"68",-107.3133,24.6283,252,153,60,3787,362,110,252,294,241,296,202,591,180,2,115,428,10,324,58,"colliei",22
"77",-104.9033,21.31,219,143,67,2216,318,105,213,242,215,243,190,1231,321,4,118,881,16,809,60,"colliei",23
"81",-106.4171,24.9228,205,138,58,3235,319,83,236,232,210,240,159,1201,298,8,98,771,39,432,158,"colliei",24
"84",-106.25,23.4167,249,112,58,3078,333,141,192,282,241,284,208,870,230,4,111,620,24,424,76,"colliei",25
"86",-109.1916,28.4291,215,172,54,4924,369,56,313,267,208,274,151,739,194,7,96,466,36,419,118,"colliei",26
"87",-108.9526,28.3719,170,164,56,4471,314,22,292,218,161,224,112,1025,318,6,118,712,40,693,122,"colliei",27
"97",-103.974,21.1287,229,170,62,2488,364,94,270,249,224,258,194,859,248,6,118,606,22,176,38,"colliei",28
"101",-104.4594,21.4379,242,154,64,2355,356,118,238,261,245,267,208,1109,320,4,118,782,21,507,55,"colliei",29
"1051",-105.2597,21.5413,255,113,60,2949,336,149,187,288,238,288,216,1570,447,1,127,1226,13,1226,38,"colliei",30
"1061",-107.8256,27.5346,152,181,58,4469,304,-4,308,202,146,208,95,905,227,10,92,558,46,510,130,"colliei",31
"129",-108.7055,27.1027,202,170,57,4314,349,53,296,247,196,253,145,756,227,5,108,521,24,443,95,"colliei",32
"134",-106.4405,23.2991,248,100,55,3182,326,146,180,284,234,284,207,792,210,2,118,593,13,593,43,"colliei",33
"142",-105.0584,20.5091,202,146,66,2036,304,86,218,222,186,224,174,1282,297,6,108,856,28,777,68,"colliei",34
"143",-103.958,19.7311,237,154,66,1893,349,118,231,248,227,257,209,721,160,3,94,428,18,304,48,"colliei",35
"1651",-103.3103,20.7415,202,166,63,2456,333,70,263,222,196,230,167,934,243,5,112,639,21,213,36,"colliei",36
"166",-108.9966,26.4958,243,176,58,4866,382,83,299,300,230,301,180,441,133,2,118,327,9,252,52,"colliei",37
"174",-106.2888,23.1423,247,96,55,3116,324,150,174,283,234,283,208,757,204,2,119,573,11,398,36,"colliei",38
"181",-104.9881,21.4828,170,135,64,2178,271,61,210,190,155,193,140,1189,296,3,108,817,24,465,89,"colliei",39
"187",-104.12,20.9965,204,161,63,2281,331,78,253,223,196,229,171,825,224,5,115,574,20,174,37,"colliei",40
"188",-105.5692,22.5914,238,113,61,2666,319,134,185,266,230,268,202,1168,295,1,111,836,15,671,78,"colliei",41
"201",-104.1346,19.805,237,152,66,1917,349,120,229,248,227,258,209,944,218,5,103,599,21,386,49,"colliei",42
"2151",-107.9131,27.2641,196,177,57,4453,349,40,309,240,195,249,137,909,242,9,98,578,39,534,125,"colliei",43
"217",-105.1175,20.7799,254,131,68,2308,336,146,190,278,230,278,222,1235,294,7,115,873,23,753,38,"colliei",44
"226",-105.3548,22.8822,235,121,62,2776,322,127,195,263,231,266,197,1312,356,2,113,944,21,806,81,"colliei",45
"229",-103.9154,20.9342,219,167,63,2374,349,86,263,238,212,245,184,927,256,4,117,654,20,203,35,"colliei",46
"230",-107.2168,24.8533,251,159,60,3847,367,106,261,293,241,296,200,803,226,4,114,579,15,470,83,"colliei",47
"254",-106.7419,23.6291,252,127,59,3359,345,131,214,289,241,291,208,670,174,0,114,476,5,343,60,"colliei",48
"256",-105.8541,23.0208,249,108,58,3052,331,145,186,281,240,284,208,886,219,4,109,629,17,495,80,"colliei",49
"268",-103.779,19.4545,225,143,68,1521,326,116,210,234,216,242,202,901,212,2,108,608,11,359,40,"colliei",50
"2701",-103.887,20.7457,202,164,65,2127,326,75,251,220,193,224,170,1005,267,6,111,672,26,492,43,"colliei",51
"272",-104.443,20.8692,238,168,64,2484,363,102,261,261,224,264,201,839,219,5,111,558,20,390,37,"colliei",52
"273",-104.8453,20.5857,197,152,66,2128,306,77,229,216,182,218,167,1170,288,7,107,757,29,508,62,"colliei",53
"278",-105.2128,23.0592,222,125,60,2877,315,110,205,249,203,253,181,1135,284,4,108,797,30,649,101,"colliei",54
"2841",-106.6105,24.3965,239,138,57,3173,352,114,238,265,243,273,193,1113,287,6,109,774,24,409,99,"colliei",55
"285",-108.0722,25.841,244,177,60,4210,380,85,295,288,239,293,187,769,228,3,119,574,15,481,70,"colliei",56
"3251",-106.6603,24.0847,252,147,59,3444,363,116,247,286,248,291,205,822,211,7,107,572,23,459,88,"colliei",57
"330",-108.7018,26.9173,233,177,58,4402,384,80,304,277,228,284,174,761,205,5,106,512,24,452,104,"colliei",58
"334",-109.6346,28.763,248,184,54,5499,412,75,337,307,241,313,175,608,170,6,102,391,27,364,96,"colliei",59
"341",-104.4333,19.7719,211,144,67,1572,314,102,212,221,201,229,188,1152,272,5,105,753,21,469,58,"colliei",60
"352",-104.5535,21.7077,238,147,64,2335,347,119,228,258,240,263,205,1012,285,3,114,708,19,441,68,"colliei",61
"364",-103.4361,21.0453,232,179,63,2558,370,90,280,254,227,261,196,878,237,5,116,618,20,195,31,"colliei",62
"368",-105.1563,21.8643,249,124,65,2473,332,143,189,274,238,276,215,1544,452,3,128,1212,14,964,37,"colliei",63
"380",-105.0523,21.6859,246,122,65,2409,328,142,186,271,237,272,213,1504,442,1,129,1195,12,911,38,"colliei",64
"387",-108.7623,26.5914,243,181,58,4773,390,82,308,297,233,300,181,559,155,2,113,401,13,334,66,"colliei",65
"391",-109.3975,27.1621,254,172,56,5297,394,91,303,318,237,318,185,420,130,1,114,302,11,302,46,"colliei",66
"395",-109.3095,27.7316,234,174,54,5270,388,70,318,294,224,298,165,742,226,4,112,516,27,442,97,"colliei",67
"401",-103.7058,21.8555,209,175,62,2932,347,67,280,228,200,243,168,716,201,6,113,487,22,330,38,"colliei",68
"4291",-106.3817,23.6355,249,127,59,3152,343,131,212,282,243,285,207,840,202,3,108,594,18,438,83,"colliei",69
"465",-104.1075,20.7512,199,162,65,2104,323,75,248,218,190,222,168,919,237,5,111,617,19,439,38,"colliei",70
"479",-103.9813,20.5789,213,165,64,2444,337,80,257,234,203,236,176,888,225,7,105,579,23,441,45,"colliei",71
"5001",-109.0045,25.7901,246,165,59,4687,372,94,278,305,228,305,187,311,88,1,106,208,9,208,43,"colliei",72
"501",-105.2878,23.2406,210,125,59,2962,308,98,210,237,214,243,168,1099,267,6,101,735,38,600,128,"colliei",73
"502",-108.318,26.0613,244,179,59,4406,383,82,301,290,237,295,184,791,237,3,122,595,18,490,79,"colliei",74
"515",-104.0856,20.2542,172,144,64,2022,285,62,223,190,164,195,143,1027,244,7,98,628,30,468,61,"colliei",75
"540",-109.0137,27.0336,217,169,57,4342,362,69,293,264,209,269,159,707,201,4,110,492,22,411,90,"colliei",76
"546",-106.2836,23.8116,236,127,58,2858,339,121,218,260,239,267,195,1036,266,8,102,691,31,364,111,"colliei",77
"549",-106.5458,23.5054,251,117,58,3261,337,137,200,287,239,288,208,741,185,1,113,532,12,381,69,"colliei",78
"553",-109.2451,27.5252,247,179,56,5249,400,81,319,307,235,309,177,644,187,3,117,465,17,395,72,"colliei",79
"562",-105.4342,20.4834,245,127,70,2085,323,142,181,268,233,268,217,1315,351,2,117,954,15,954,41,"colliei",80
"619",-105.6808,22.7678,249,111,59,2963,331,144,187,281,239,283,210,963,225,1,100,621,11,489,66,"colliei",81
"658",-104.4206,21.2473,218,160,64,2408,339,89,250,242,204,244,184,946,268,4,117,658,22,442,52,"colliei",82
"667",-103.55,19.405,214,144,67,1573,316,102,214,224,205,231,190,1044,239,2,108,707,9,412,42,"colliei",83
"668",-108.895,26.8533,242,178,58,4574,390,86,304,292,234,296,182,596,164,3,113,423,15,352,74,"colliei",84
"1",-98.57,22.1183,250,108,52,3504,342,138,204,281,236,285,199,913,188,16,81,486,58,377,76,"pmorio",1
"3",-99.5133,21.44,224,142,57,3372,343,97,246,248,194,259,177,925,244,12,94,519,41,340,59,"pmorio",2
"43",-98.7267,21.255,249,129,56,3447,355,127,228,278,212,284,199,1963,408,49,71,948,152,715,153,"pmorio",3
"71",-98.9451,21.8994,248,116,52,3724,350,127,223,279,208,285,194,1426,303,32,77,708,99,573,104,"pmorio",4
"82",-99.0117,21.6967,252,122,53,3694,357,129,228,283,214,290,199,1611,349,34,78,800,105,641,113,"pmorio",5
"103",-98.3783,22.2117,246,103,51,3465,336,137,199,277,230,282,196,851,176,13,80,447,50,410,73,"pmorio",6
"144",-99.0333,23.95,242,136,51,4587,361,99,262,272,194,293,178,802,167,19,72,338,63,264,63,"pmorio",7
"162",-99.6833,24.9,224,140,48,5037,361,75,286,258,155,283,155,862,173,20,67,391,67,309,67,"pmorio",8
"171",-99.8571,24.6925,180,151,64,2702,289,56,233,205,151,211,143,647,134,16,72,300,51,266,52,"pmorio",9
"202",-97.885,20.3617,232,120,57,3095,331,121,210,258,198,264,188,2255,418,41,79,1205,140,902,146,"pmorio",10
"24",-97.5033,25.8683,232,100,42,4819,342,106,236,270,178,288,166,697,151,23,56,287,92,186,109,"pmorio",11
"25",-98.4833,24.6667,228,133,47,5020,356,74,282,262,170,285,157,790,176,18,70,348,75,273,87,"pmorio",12
"28",-98.49,24.3983,233,134,49,4694,356,86,270,281,178,286,167,651,127,15,62,268,68,228,82,"pmorio",13
"291",-97.6833,21.2333,238,91,49,3345,322,139,183,269,200,273,190,1460,300,37,66,684,127,585,158,"pmorio",14
"30",-98.9322,21.3866,237,130,56,3412,344,115,229,265,188,272,188,2205,483,55,74,1090,169,792,169,"pmorio",15
"32",-97.4031,21.3978,244,82,48,3174,321,153,168,268,225,277,198,1494,310,28,67,706,119,573,177,"pmorio",16
"342",-99.3153,22.7022,234,118,52,3746,336,111,225,266,195,272,181,1258,251,20,86,682,66,554,73,"pmorio",17
"362",-97.2169,19.9672,222,113,58,2845,316,123,193,246,210,251,181,2211,373,92,48,920,285,645,317,"pmorio",18
"41",-97.6437,20.5898,242,105,53,3329,334,138,196,272,204,276,195,1268,204,40,53,535,129,500,158,"pmorio",19
"42",-97.6667,21.625,244,87,48,3319,326,147,179,276,227,280,197,1348,296,23,74,667,90,564,137,"pmorio",20
"44",-97.8948,21.7087,243,93,50,3341,327,142,185,275,226,279,196,1196,269,18,77,603,76,513,118,"pmorio",21
"45",-97.3203,20.3089,245,105,55,3114,334,146,188,266,208,277,200,1285,238,42,54,539,133,441,160,"pmorio",22
"46",-98,22.2167,242,88,48,3313,322,142,180,275,222,277,195,1013,264,13,87,541,57,440,82,"pmorio",23
"47",-98.35,21.5,245,112,54,3358,340,133,207,274,207,279,197,1144,235,27,70,524,98,434,114,"pmorio",24
"50",-99.192,22.3505,230,117,52,3677,333,109,224,267,191,268,178,1307,248,18,86,698,62,594,64,"pmorio",25
"521",-97.7388,21.8552,243,85,48,3300,323,146,177,274,225,278,196,1253,292,18,79,638,72,523,116,"pmorio",26
"56",-97.871,20.754,237,110,54,3316,331,128,203,266,199,271,189,1448,242,40,62,667,136,642,137,"pmorio",27
"58",-99.1414,23.1162,252,127,54,3927,357,123,234,292,196,292,196,1294,255,21,82,690,67,690,67,"pmorio",28
"592",-99.1094,21.1639,222,143,59,3168,337,97,240,246,191,256,178,1440,336,30,79,738,96,510,100,"pmorio",29
"61",-99.15,26.5333,231,127,42,6155,374,72,302,274,161,302,145,544,110,16,57,230,65,167,73,"pmorio",30
"63",-99.4278,22.1258,211,133,57,3348,322,91,231,237,177,245,163,940,194,13,88,523,51,403,53,"pmorio",31
"64",-98.8706,21.0772,209,142,60,2982,320,87,233,232,179,240,167,1666,368,40,74,820,127,589,133,"pmorio",32
"651",-99.2982,21.6761,237,128,54,3573,346,112,234,266,201,274,186,1522,387,24,90,838,82,565,89,"pmorio",33
"67",-97.8693,23.7922,240,115,49,4127,344,112,232,282,219,286,182,953,212,13,69,450,77,369,116,"pmorio",34
"691",-99.0372,22.6629,244,116,52,3724,345,124,221,276,205,282,191,1162,244,13,87,625,58,557,60,"pmorio",35
"75",-100.2338,25.4511,179,134,57,3528,288,55,233,214,140,220,130,697,168,13,80,357,48,289,50,"pmorio",36
"83",-100.0678,25.2265,209,136,51,4628,337,71,266,242,147,264,147,795,183,16,75,396,55,307,55,"pmorio",37
"94",-97.5243,20.024,202,106,55,2759,294,104,190,224,172,230,163,3688,655,112,63,1760,363,1238,399,"pmorio",38
"109",-98.9525,22.2728,225,114,52,3563,325,108,217,255,186,261,174,1357,265,22,83,715,78,613,87,"pmorio",39
"116",-98.9683,22.0917,235,115,52,3684,336,116,220,266,196,273,183,1365,269,25,82,706,81,598,87,"pmorio",40
"1531",-99.4833,24.4667,224,141,50,4820,356,75,281,274,158,280,158,892,178,17,70,377,63,339,63,"pmorio",41
"155",-97.68,20.1667,219,113,56,2904,314,114,200,244,187,249,178,2826,492,76,69,1427,245,1041,263,"pmorio",42
"158",-97.4667,20.7833,243,95,51,3326,329,145,184,274,205,277,195,1066,216,28,61,473,95,375,126,"pmorio",43
"160",-99.0167,23.3167,253,131,54,3940,362,122,240,295,197,295,197,792,143,16,71,361,52,361,52,"pmorio",44
"161",-98.4533,23.27,202,117,55,3363,298,87,211,233,164,238,155,1002,199,17,77,513,64,469,82,"pmorio",45
"164",-90.47,19.2983,260,125,64,2171,355,162,193,274,260,284,230,1257,258,16,84,707,55,268,91,"pmorio",46
"1661",-88.5667,20.765,258,133,68,2025,351,158,193,275,238,278,229,1225,201,34,62,541,108,460,117,"pmorio",47
"167",-89.422,20.085,256,135,66,2137,357,155,202,271,236,278,225,1051,178,28,62,462,88,285,98,"pmorio",48
"169",-89.6984,21.2789,255,73,60,1782,310,190,120,267,248,272,228,482,89,10,60,209,40,181,66,"pmorio",49
"172",-89.606,20.031,258,135,66,2220,360,156,204,273,239,282,227,1009,187,24,67,466,75,274,82,"pmorio",50
"1741",-89.095,20.031,255,133,67,1990,354,157,197,269,237,275,227,1075,184,29,62,473,92,285,103,"pmorio",51
"176",-90.5316,19.6234,261,109,63,2110,345,172,173,275,259,283,231,1282,250,17,84,723,57,275,98,"pmorio",52
"178",-88.503,19.851,259,127,68,1783,348,163,185,273,241,276,233,1208,209,33,59,542,116,296,131,"pmorio",53
"180",-88.844,19.92,260,131,67,1903,357,163,194,274,242,279,233,1171,211,16,70,545,73,318,89,"pmorio",54
"1811",-88.812,20.557,260,138,70,2006,356,159,197,276,241,280,231,1115,189,26,64,519,104,282,119,"pmorio",55
"182",-89.25,19.863,256,131,66,2080,355,157,198,265,238,277,227,1055,188,25,65,465,83,287,89,"pmorio",56
"183",-88.633,20.152,259,133,70,1775,352,162,190,273,242,276,233,1223,209,29,63,551,104,318,125,"pmorio",57
"1841",-87.0758,20.8709,256,101,67,1765,327,177,150,270,246,275,230,1171,183,32,51,481,131,374,180,"pmorio",58
"1851",-87.485,21.0983,251,115,68,1972,330,162,168,271,228,272,222,1330,216,36,64,587,118,576,130,"pmorio",59
"1861",-88.45,19.6667,258,124,68,1773,345,165,180,273,255,276,233,1133,194,36,55,491,115,370,138,"pmorio",60
"1871",-87.6167,21.2833,251,115,68,2022,330,161,169,271,241,272,222,1137,185,32,58,492,106,470,138,"pmorio",61
"1881",-90.7167,19.3333,258,115,63,2091,347,166,181,272,256,280,228,1203,228,14,83,657,53,266,82,"pmorio",62
"190",-88.9383,21.1483,259,119,68,2049,343,168,175,276,254,278,229,1003,172,20,67,481,79,384,113,"pmorio",63
"191",-88.25,19.7167,259,122,69,1750,342,167,175,274,254,275,233,1201,200,39,54,501,125,400,146,"pmorio",64
"192",-88.0517,20.6867,253,125,68,1872,341,158,183,270,226,272,226,1091,170,29,61,474,102,420,102,"pmorio",65
"1941",-88.7017,19.7867,260,128,67,1887,352,163,189,275,242,278,233,1253,224,31,60,583,115,300,127,"pmorio",66
"196",-88.1584,21.1406,254,124,67,2093,342,158,184,272,247,274,224,1165,194,31,64,529,106,461,122,"pmorio",67
"197",-87.7315,20.491,256,117,69,1762,336,167,169,267,249,272,229,1152,173,40,52,458,131,402,141,"pmorio",68
"198",-87.4664,20.2081,259,107,69,1648,331,177,154,270,252,275,234,1204,185,37,51,485,125,385,188,"pmorio",69
"199",-87.5806,19.8181,260,107,69,1641,332,179,153,272,253,276,236,1250,198,41,50,508,133,420,184,"pmorio",70
"200",-89.6831,19.3253,256,127,63,2247,355,155,200,265,257,280,225,1090,211,27,65,476,91,308,123,"pmorio",71
"2011",-88.5,21.317,257,118,67,2069,341,165,176,275,249,277,227,970,173,22,64,440,81,352,117,"pmorio",72
"206",-90.3793,19.9255,266,107,62,2070,350,179,171,280,265,288,237,1079,206,17,78,575,56,247,82,"pmorio",73
"207",-90.2317,19.5975,264,122,63,2202,358,166,192,278,264,288,233,1190,217,23,68,564,89,305,144,"pmorio",74
"2111",-89.6817,19.5139,258,129,64,2267,357,156,201,266,239,282,225,1065,209,25,68,480,85,297,108,"pmorio",75
"2121",-90.6328,19.7878,262,96,61,2015,337,182,155,276,259,283,233,1077,201,12,84,600,44,243,69,"pmorio",76
"213",-90.1169,18.9697,261,130,64,2263,360,157,203,275,261,286,229,1125,206,24,67,536,76,280,141,"pmorio",77
"224",-89.3364,19.3489,255,125,63,2161,351,155,196,270,254,277,224,1049,196,27,64,465,88,280,96,"pmorio",78
"237",-89.67,15.4,266,95,70,1231,335,201,134,275,266,279,248,2662,510,56,73,1345,189,726,228,"pmorio",79
"248",-91.3092,16.1926,251,121,70,1385,336,165,171,258,250,266,231,3149,521,53,71,1512,187,707,308,"pmorio",80
"264",-89.1,16.283,240,73,64,1384,294,181,113,251,237,254,220,2704,535,67,64,1295,213,614,436,"pmorio",81
"2702",-88.5937,16.3764,258,70,63,1487,310,199,111,271,254,273,237,2579,397,65,54,1076,219,884,388,"pmorio",82
"271",-95.0417,16.7933,247,104,64,1655,330,169,161,255,247,267,224,1150,252,13,96,698,44,252,52,"pmorio",83
"280",-93.4483,16.8556,227,120,69,1679,311,138,173,241,225,244,203,940,179,12,83,485,42,262,61,"pmorio",84
"290",-93.1828,16.8778,227,127,69,1683,315,132,183,239,211,245,202,1056,207,12,88,564,38,304,47,"pmorio",85
"299",-92.0756,16.8967,237,127,71,1584,324,147,177,249,220,251,213,1782,324,39,67,801,129,484,146,"pmorio",86
"301",-90.9645,16.899,256,107,64,1733,340,175,165,262,255,275,230,2137,393,40,64,955,165,504,244,"pmorio",87
"318",-88.9832,16.9663,236,84,57,1895,305,160,145,235,231,257,210,1605,233,52,48,662,162,320,262,"pmorio",88
"323",-93.7728,16.9842,244,114,66,1794,330,158,172,256,242,263,219,1555,263,31,64,700,107,361,239,"pmorio",89
"3252",-89.6715,16.9903,254,81,58,1887,321,183,138,272,248,275,228,1449,211,38,51,543,133,516,188,"pmorio",90
"336",-93.3575,17.0697,234,117,67,1762,321,147,174,246,233,253,209,1358,238,27,63,591,98,324,155,"pmorio",91
"337",-94.145,17.0733,254,109,63,1810,341,169,172,260,252,274,228,3699,574,81,56,1589,333,689,570,"pmorio",92
"338",-94.6008,17.0756,227,105,64,1709,310,146,164,237,226,246,203,2315,396,43,65,1096,170,416,315,"pmorio",93
"371",-89.1059,17.1024,250,89,63,1559,315,175,140,251,245,266,228,1389,186,36,46,487,131,303,248,"pmorio",94
"402",-93.1792,17.1278,193,118,69,1531,273,104,169,200,190,207,170,1975,275,56,49,782,207,438,308,"pmorio",95
"403",-95.0333,17.1333,250,102,59,2066,340,168,172,262,247,273,221,2607,556,45,83,1490,161,478,233,"pmorio",96
"409",-89.6119,17.2213,252,84,57,1940,322,177,145,269,249,272,224,1341,217,32,52,504,134,382,157,"pmorio",97
"4151",-90.2937,17.2465,264,92,63,1715,336,190,146,270,263,283,238,1702,297,34,60,738,126,430,191,"pmorio",98
"417",-93,17.3667,218,112,67,1736,299,133,166,227,228,235,192,3152,450,106,43,1238,385,615,583,"pmorio",99
"418",-94.9169,17.3674,251,104,58,2116,345,167,178,263,247,275,221,2732,535,51,79,1522,179,487,274,"pmorio",100
"420",-90.433,17.4,261,97,62,1762,338,183,155,268,260,281,235,1635,295,36,59,712,127,407,192,"pmorio",101
"421",-91.9806,17.5092,266,109,60,1981,357,176,181,273,264,287,238,2442,449,74,54,1080,245,649,468,"pmorio",102
"424",-92.9567,17.545,258,115,65,1994,350,174,176,268,269,278,230,3611,563,117,44,1453,400,816,754,"pmorio",103
"427",-93.1819,17.5867,257,113,63,2074,349,172,177,268,268,278,227,3656,541,116,46,1495,387,614,745,"pmorio",104
"428",-88.7001,17.5911,252,88,64,1581,316,179,137,263,247,267,230,1762,280,39,55,708,163,609,331,"pmorio",105
"4292",-93.4067,17.7133,261,109,62,2150,351,176,175,272,272,282,229,2579,399,61,56,1153,233,670,436,"pmorio",106
"431",-88.4092,17.75,251,85,64,1557,313,181,132,261,246,266,229,1799,265,43,53,683,145,608,363,"pmorio",107
"433",-94.75,17.75,258,100,56,2261,351,175,176,272,253,283,226,2183,371,31,69,1058,127,390,264,"pmorio",108
"435",-96.3117,17.76,246,106,58,2362,339,157,182,260,242,273,213,4015,803,73,77,2065,245,890,318,"pmorio",109
"436",-89.0114,17.777,252,96,62,1744,325,172,153,266,248,269,227,1427,230,37,55,564,122,368,192,"pmorio",110
"438",-91.5283,17.8017,265,109,63,2011,351,180,171,274,263,286,236,1979,330,49,57,851,170,450,270,"pmorio",111
"441",-96.0401,17.8451,248,103,58,2339,340,163,177,263,243,274,215,2848,591,54,81,1529,172,630,218,"pmorio",112
"442",-95.163,17.865,256,106,56,2458,355,166,189,271,251,284,222,1459,321,21,85,819,83,304,119,"pmorio",113
"443",-93.3633,17.895,262,109,62,2099,352,178,174,274,273,283,232,2365,402,45,57,1074,201,604,419,"pmorio",114
"4441",-88.885,17.9567,253,99,64,1725,328,174,154,263,250,270,229,1447,230,39,55,559,127,358,273,"pmorio",115
"445",-94.7183,17.9633,258,97,56,2257,349,177,172,273,252,283,226,1934,371,27,74,970,100,340,205,"pmorio",116
"446",-94.4937,17.9635,260,94,59,2077,343,184,159,271,252,282,230,2495,449,37,65,1167,151,634,366,"pmorio",117
"4621",-95.8052,18.0587,258,101,57,2391,350,173,177,273,253,285,224,1689,331,27,83,912,90,363,126,"pmorio",118
"4631",-89.3403,18.0626,248,104,61,2035,330,160,170,259,244,268,219,1252,196,33,55,478,107,342,160,"pmorio",119
"464",-92.4316,18.066,266,103,63,1921,347,185,162,275,262,285,238,2040,333,49,54,900,197,366,338,"pmorio",120
"468",-95.6167,18.1,261,102,56,2409,354,174,180,275,256,288,227,1317,242,21,78,687,69,265,112,"pmorio",121
"469",-89.8106,18.1044,251,108,61,2089,336,159,177,261,249,273,220,1225,222,30,58,530,98,318,144,"pmorio",122
"471",-89.1333,18.1167,251,104,62,1933,331,165,166,267,248,270,224,1285,206,34,57,504,108,346,161,"pmorio",123
"476",-95.15,18.15,256,101,55,2377,350,169,181,271,251,283,222,1382,267,20,80,737,68,267,101,"pmorio",124
"478",-96.8467,18.17,190,123,65,1721,283,96,187,197,175,211,166,2915,622,47,83,1599,164,661,214,"pmorio",125
"480",-94.893,18.216,233,93,57,2104,318,155,163,247,246,256,204,1846,308,32,70,880,112,349,237,"pmorio",126
"481",-96.4083,18.2583,258,102,57,2352,348,170,178,273,232,283,224,2406,522,32,93,1410,110,573,120,"pmorio",127
"485",-90.1333,18.3167,256,118,62,2145,348,159,189,265,255,279,225,1234,246,27,66,591,87,293,126,"pmorio",128
"488",-95.125,18.355,232,92,55,2150,319,154,165,245,229,257,203,2236,406,42,70,1091,153,395,257,"pmorio",129
"499",-89.3072,18.4375,249,113,62,2125,336,155,181,264,245,270,218,1165,195,27,58,466,99,322,141,"pmorio",130
"5011",-89.8909,18.4633,254,120,62,2197,346,155,191,264,252,277,222,1149,222,25,64,521,87,289,122,"pmorio",131
"5021",-95.3,18.465,244,94,56,2232,331,165,166,252,241,270,213,2367,457,47,68,1124,156,358,312,"pmorio",132
"504",-88.8433,18.4772,252,106,64,1826,331,167,164,266,248,269,226,1301,209,35,59,553,113,491,164,"pmorio",133
"507",-90.7806,18.4851,260,126,64,2141,357,162,195,273,259,284,229,1383,236,26,70,673,85,328,118,"pmorio",134
"508",-92.8133,18.4883,261,100,66,1813,335,184,151,260,269,278,235,1859,337,36,60,838,131,413,328,"pmorio",135
"512",-88.2833,18.5,260,91,67,1575,323,189,134,270,254,275,237,1179,186,24,56,472,97,395,162,"pmorio",136
"518",-91.1333,18.55,264,118,64,2006,354,172,182,277,261,285,235,1457,246,26,72,729,79,317,130,"pmorio",137
"522",-95.0369,18.5574,254,90,60,1868,330,182,148,269,261,274,228,3273,559,50,65,1510,202,918,507,"pmorio",138
"527",-90.4855,18.573,259,128,64,2178,357,157,200,272,258,283,228,1279,228,21,71,615,76,307,108,"pmorio",139
"529",-95.45,18.5833,261,91,58,1993,340,185,155,271,255,282,232,2251,421,33,73,1094,117,622,277,"pmorio",140
"534",-90.2587,18.5878,260,127,63,2180,357,158,199,273,259,284,228,1169,233,20,70,568,75,266,106,"pmorio",141
"535",-89.4268,18.5938,245,117,62,2263,336,148,188,258,241,268,213,1115,191,23,59,453,95,316,133,"pmorio",142
"550",-91.9673,18.6164,265,95,62,1904,340,188,152,275,260,283,237,1309,235,32,53,542,109,380,198,"pmorio",143
"559",-88.4,18.6667,258,95,67,1599,324,183,141,272,252,273,235,1100,166,33,49,442,120,367,167,"pmorio",144
"563",-95.6336,18.7007,266,86,60,1850,337,194,143,279,258,284,239,1842,368,28,76,912,100,587,185,"pmorio",145
"564",-90.9694,18.7042,263,123,65,2066,356,167,189,276,260,285,233,1463,262,22,77,771,72,313,114,"pmorio",146
"567",-90.656,18.7563,259,130,65,2158,357,157,200,272,258,282,228,1369,241,23,76,702,74,310,101,"pmorio",147
"591",-89.2089,18.8222,251,117,63,2112,340,156,184,267,248,272,221,1102,193,29,59,464,99,292,128,"pmorio",148
"596",-96.9167,18.8334,216,118,64,2096,306,122,184,230,193,237,185,2183,392,46,77,1135,147,534,164,"pmorio",149
"598",-95.9333,18.8833,262,86,57,2149,333,184,149,278,252,283,230,1547,341,14,93,918,55,609,88,"pmorio",150
"604",-96.1889,18.9123,259,98,57,2306,342,171,171,275,251,283,225,1358,331,13,103,866,43,287,61,"pmorio",151
"616",-88.4,19.0333,257,101,67,1646,327,177,150,271,252,272,233,1225,198,39,49,492,131,390,183,"pmorio",152
"6201",-96.9605,19.1807,184,108,63,1861,268,99,169,198,165,204,158,1959,355,44,76,984,137,563,142,"pmorio",153
"6211",-96.1333,19.2,254,80,56,2290,318,176,142,274,241,277,220,1508,361,13,100,936,46,664,62,"pmorio",154
"622",-96.658,19.2011,238,118,62,2186,331,142,189,256,206,261,206,1026,200,20,88,561,62,286,62,"pmorio",155
"624",-96.3797,19.2368,257,106,59,2335,341,163,178,273,249,281,222,1137,273,12,104,715,42,267,45,"pmorio",156
"625",-87.9597,19.2825,260,104,68,1670,330,179,151,271,253,276,235,1295,199,40,50,501,142,475,183,"pmorio",157
"626",-96.9667,19.4167,191,103,59,2108,277,105,172,208,169,213,161,1836,334,53,68,829,164,527,172,"pmorio",158
"636",-88.05,19.6,259,118,69,1801,338,168,170,270,253,275,232,1277,212,40,54,519,133,437,161,"pmorio",159
"640",-87.75,19.6667,260,110,69,1687,334,176,158,272,253,276,235,1263,204,42,51,515,135,445,174,"pmorio",160
"642",-96.47,19.77,249,95,59,2321,323,164,159,269,236,272,216,1236,223,32,72,615,98,478,114,"pmorio",161
"644",-96.7667,18.6833,239,118,62,2195,333,145,188,254,215,262,207,2503,464,52,79,1304,182,645,184,"pmorio",162
"646",-96.9167,19.6,178,97,59,2081,258,95,163,192,156,200,148,1650,317,54,66,754,167,436,171,"pmorio",163
"648",-96.6833,18.3833,258,114,60,2267,354,165,189,273,225,283,225,2740,557,40,91,1531,127,712,127,"pmorio",164
